comparator,seed,phase,n,ldr_mae_ms,comparator_mae_ms,paired_delta_ms
DilaPick,41,p,4911,13.925880676033394,16.764406434534717,-2.8385257585013237
DilaPick,41,s,4751,66.11660703009893,66.20921911176595,-0.09261208166701747
DilaPick,42,p,4899,13.8946723821188,18.146560522555625,-4.251888140436824
DilaPick,42,s,4760,66.50840336134453,67.0672268907563,-0.5588235294117647
DilaPick,43,p,4908,14.378565607171964,18.579869600651996,-4.201303993480033
DilaPick,43,s,4770,65.49056603773585,67.11740041928721,-1.6268343815513626
Linear,41,p,4911,13.844430869476685,16.216656485440847,-2.372225615964162
Linear,41,s,4758,66.43547709121479,67.17318200924758,-0.7377049180327869
Linear,42,p,4909,13.927480138521084,12.888572010592789,1.038908127928295
Linear,42,s,4757,66.66596594492327,66.14252680260668,0.5234391423165861
Linear,43,p,4909,14.491749847219394,15.108983499694439,-0.6172336524750458
Linear,43,s,4758,65.41614123581337,66.21689785624211,-0.8007566204287516
Narrow,41,p,4895,13.67926455566905,20.590398365679263,-6.911133810010215
Narrow,41,s,4706,65.93710157246069,68.45303867403315,-2.5159371015724608
Narrow,42,p,4907,14.00244548604035,20.114122681883025,-6.111677195842674
Narrow,42,s,4743,66.2112586970272,68.82985452245414,-2.618595825426945
Narrow,43,p,4908,14.464140179299104,22.642624286878565,-8.178484107579463
Narrow,43,s,4746,65.26970080067426,72.88453434471134,-7.614833544037084
