model,tolerance_s,p_f1_mean,p_f1_sd,s_f1_mean,s_f1_sd,ps_f1_mean,ps_f1_sd
DilaPick,0.05,0.9454091829904324,0.0009496508089283289,0.622455229901907,0.005028139158137006,0.7839322064461698,0.002952282180578687
DilaPick,0.1,0.9690200340818728,0.0012465379523145656,0.7743382879334865,0.000377528807782872,0.8716791610076796,0.0004948154418221039
DilaPick,0.2,0.9792241414691564,0.0012557969861280317,0.8839454429180458,0.0006096569261697716,0.9315847921936011,0.00060489298336062
DilaPick,0.5,0.9856269527585161,0.0005568158108751811,0.9650343248511039,0.0006394057556409304,0.97533063880481,0.0005157333646061948
LDR,0.05,0.9459332919119984,0.001363725672146148,0.6258260424484885,0.0032947215445570726,0.7858796671802435,0.0010121576631039785
LDR,0.1,0.9674000657946693,0.0005229560745666101,0.7732755273079703,0.0034589697559971864,0.8703377965513198,0.0017871337538496244
LDR,0.2,0.9796000661200026,0.0005252589808384083,0.8827611234375182,0.001885592579074761,0.9311805947787604,0.0011306444376081913
LDR,0.5,0.9864000262986677,0.00039860737829397437,0.9635715122563319,0.0009299875345299106,0.9749857692774998,0.0006002771489514226
Linear,0.05,0.9465930438794824,0.0025655028088487387,0.6242448084499675,0.0037301854187869648,0.785418926164725,0.002518451218935358
Linear,0.1,0.9660623540229814,0.0008954379538858024,0.7716986834226919,0.003031572329910653,0.8688805187228366,0.0014821445141868011
Linear,0.2,0.9775973361316329,0.0010434546529055906,0.8835275217159491,0.002406771446780319,0.930562428923791,0.0013929714083440027
Linear,0.5,0.9847980639730085,0.00035472086782670513,0.9652082003226204,0.00047916668986480157,0.9750031321478145,0.00028711082037896326
Narrow,0.05,0.9351219202440643,0.012059728759782928,0.5958941807264426,0.014003063718297546,0.7655080504852534,0.013018944128682455
Narrow,0.1,0.9656329983325361,0.0016395162168201028,0.759265726032807,0.007792633683027859,0.8624493621826715,0.004273632829098857
Narrow,0.2,0.9764894396437652,0.0017819591010577662,0.8750406922672868,0.007415248207809502,0.925765065955526,0.004592513541014888
Narrow,0.5,0.9836162357698132,0.0018903839300963053,0.9582490133316546,0.007780883999867158,0.9709326245507339,0.004835439981571582
